
-- ====================================================================
INSERT INTO events (event_name, descrption, location_name, event_LAT, event_LNG)
VALUES("Yiasou Greek Festival", "The next Greek Festival, one of Charlotte’s largest
 cultural events, will be held Sept. 7-10, 2017. Experience authentic Greek cuisine
  and try your first bite of souvlaki on a stick, sit back and watch live music and
   dancing, wander around the Hellenic cultural exhibits and, best of all, shop for
    belly dancing skirts.",
     "Holy Trinity Greek Orthodox Cathedral Charlotte", 35.20746, -80.85313080000003);

INSERT INTO events (event_name, descrption, location_name, event_LAT, event_LNG)
VALUES("Oktoberfest", "Grab your pretzel necklaces and head to Symphony Park Sept. 9,
 2017 for The Charlotte Oktoberfest. Enjoy a great premium craft beer selection and
  take advantage of the amazing food and fun activities offered at the festival.",
   "4400 Sharon Road.", 37.9563454, -87.33168590000002);

INSERT INTO events (event_name, descrption, location_name, event_LAT, event_LNG)
VALUES("Festival in the Park", "Charlotte’s oldest (and free) arts festival, to be held
 Sept. 22-24, 2017, features fine and traditional arts and crafts. You can also enjoy
  live music during your weekend spent this festival in Freedom Park.",
   "Freedom Park", 35.1899234, -80.84478490000004);

-- INSERT INTO event_table (event_name, descrption, location_name, event_LAT, event_LNG)
-- VALUES("Queen City Brewers Festival", "This popular local beer fest brings together
--  Charlotte breweries, brewpubs, craft-beer-focused restaurants and sponsors to support 
--  their mission: To help those in the area affected by autism spectrum disorders.
--   Join the fun in this annual winter fundraiser Feb. 3, 2018.",
--    "NC Music Factory",  35.239118, -80.8460599);

-- INSERT INTO event_table (event_name, descrption, location_name, event_LAT, event_LNG)
-- VALUES("Charlotte Jazz Festival", "Expect jazz morning, afternoon and night. The festival
--  features a main jazz show at the Knight Theater and smaller jazz concerts throughout
--  the entire day, from before brunch through late-night. The free lunchtime concerts
--   begin April 9, 2018, but the other activities run April 12–15.",
--    "430 S Tryon St", 35.2248586, -80.84792019999998);

-- INSERT INTO event_table (event_name, descrption, location_name, event_LAT, event_LNG)
-- VALUES("Taste of Charlotte", "Choose from over 100 samples from local restaurants at
--  this three-day uptown festival June 8-10, 2018. You can also enjoy live music, street
--   performances and shopping. It is free to attend the festival and coins are available
--    for purchase to use for the food and beverage samples.", 
--    "Tryon St., from Stonewall St. and 5th St.", 35.229637, -80.83968399999998);

-- INSERT INTO event_table (event_name, descrption, location_name, event_LAT, event_LNG)
-- VALUES("South End Wine Fest", "Are you a lover of red, white and rosé? The South End
--  Wine Fest, to be held on Oct. 21, 2017, features live music, Charlotte’s favorite
--   food trucks (Papi Queso…Tin Kitchen…) and wine galore, with tastings of wine from 
--   around the world.", 
--   "308 W Carson Blvd", 35.222098, -80.854827);

-- ==============================================================
INSERT INTO Comments (person_name, comment_data, location, user_LAT, user_LNG, createdAt)
VALUES("Jane Doe", "There are good inside bathrooms with baby changing table for mothers with young children",
"bacement of consert hall", 35.20732 , -80.853128);
-- (Yiasou Greek Festival)

INSERT INTO Comments (person_name, comment_data, location, user_LAT, user_LNG, createdAt)
VALUES("Jane Doe", "These are the only Recycle bins at the fest",
"The back of outside seating tent", 35.20710277622387 , -80.85360286878665);
-- (Yiasou Greek Festival)

INSERT INTO Comments (person_name, comment_data, location, user_LAT, user_LNG, createdAt)
VALUES("Kaspar Weiss", "No line for the German Beer at OMB. Keine Linie fur das deutsche Bier am OMB",
"OMB tent. OMB-Zelt", 35.15186694441388 , -80.83207975281334);
-- (Charlotte Oktoberfest)

INSERT INTO Comments (person_name, comment_data, location, user_LAT, user_LNG, createdAt)
VALUES("Kaspar Weiss", "Good cheep pretzels at the pretzel cart near the water tent.
 gute billige Brezeln auf der Brezel-Wagen in der Nahe von Wasserzelt",
"OMB tent. OMB-Zelt", 35.151871878779616 , -80.83217865927077);
-- (Charlotte Oktoberfest)

INSERT INTO Comments (person_name, comment_data, location, user_LAT, user_LNG, createdAt)
VALUES("Kaspar Weiss", "Discount beer if you buy a meal. Bier Rabatt, wenn Sie eine Mahlzeit kaufen",
"Gazebo by the lake", 35.1899321681007 , -80.8449367800855);
-- (Festival in the Park)

INSERT INTO Comments (person_name, comment_data, location, user_LAT, user_LNG, createdAt)
VALUES("Kohl Eisenschmidt", "The history lectures are really good.",
"bacement of consert hall, room 108", 35.20732 , -80.853128);
-- (Yiasou Greek Festival)

INSERT INTO Comments (person_name, comment_data, location, user_LAT, user_LNG, createdAt)
VALUES("Kohl Eisenschmidt", "Baklava here is cheeper than anywhere else at the festival.",
"South entrance, room 108", 35.20755971555879 , -80.85337823378165);
-- (Yiasou Greek Festival)

INSERT INTO Comments (person_name, comment_data, location, user_LAT, user_LNG, createdAt)
VALUES("Kohl Eisenschmidt", "The Porta pottys by the food and beer tent are horrible.",
"South entrance, room 108", 35.20695155832378 , -80.85351569699367);
-- (Yiasou Greek Festival)

INSERT INTO Comments (person_name, comment_data, location, user_LAT, user_LNG, createdAt)
VALUES("Kohl Eisenschmidt", "Free Koozies",
"Sycamore brewery tent", 35.15194150813065 , -80.83231042278862);
-- (Oktoberfest)

INSERT INTO Comments (person_name, comment_data, location, user_LAT, user_LNG, createdAt)
VALUES("Kohl Eisenschmidt", "Giving away water bottles",
"left of main entreance", 35.15215861974028 , -80.83232115162468);
-- (Oktoberfest)

INSERT INTO Comments (person_name, comment_data, location, user_LAT, user_LNG, createdAt)
VALUES("Kohl Eisenschmidt", "Only place for recyclables",
"near water bottle tent", 35.19000231287229 , -80.84451399688953);
-- (Festival in the Park)

INSERT INTO Comments (person_name, comment_data, location, user_LAT, user_LNG, createdAt)
VALUES("Kohl Eisenschmidt", "First Aid tent gives out hydration gum",
"Medic tent", 35.189719541392044 , -80.84492839818233);
-- (Festival in the Park)

INSERT INTO Comments (person_name, comment_data, location, user_LAT, user_LNG, createdAt)
VALUES("Kohl Eisenschmidt", "Street neighborhood parking. Two block walk max ",
"Southside entrance", 35.186317438260424 , -80.8451689299718);
-- (Festival in the Park)

INSERT INTO Comments (person_name, comment_data, location, user_LAT, user_LNG, createdAt)
VALUES("Philo Mina", "Gyro Great, Greek beer BAD",
"Food Tent", 35.186317438260424 , -80.8451689299718);
-- (Yiasou Greek Festival)

INSERT INTO Comments (person_name, comment_data, location, user_LAT, user_LNG, createdAt)
VALUES("Philo Mina", "Way too crowded to sit and eat ",
"Dance stage and seating tent", 35.20695594145527 , -80.85338024543842);
-- (Yiasou Greek Festival)

INSERT INTO Comments (person_name, comment_data, location, user_LAT, user_LNG, createdAt)
VALUES("Philo Mina", "Get a replacement sipping glass at entrance",
"entrance", 35.20695594145527 , -80.85338024543842);
-- (Oktoberfest)

INSERT INTO Comments (person_name, comment_data, location, user_LAT, user_LNG, createdAt)
VALUES("Philo Mina", "last place to get Fest Lanyards",
"Director table", 35.20695594145527 , -80.85338024543842);
-- (Oktoberfest)

INSERT INTO Comments (person_name, comment_data, location, user_LAT, user_LNG, createdAt)
VALUES("Sam Lasky", "Free sunscreen samples at entrance!",
"Main entrance", 35.20765504790158 , -80.85257692383846);
-- (Yiasou Greek Festival)

INSERT INTO Comments (person_name, comment_data, location, user_LAT, user_LNG, createdAt)
VALUES("Sam Lasky", "Three hours is probly too long to stay",
"Yiasou Greek Festival", 35.20765504790158 , -80.85257692383846);
-- (Yiasou Greek Festival)

INSERT INTO Comments (person_name, comment_data, location, user_LAT, user_LNG, createdAt)
VALUES("Sam Lasky", "ware closed toe shoes! (ground is all gravel)",
"Oktoberfest", 35.151698079273366 , -80.83235199702835);
-- (Oktoberfest)

INSERT INTO Comments (person_name, comment_data, location, user_LAT, user_LNG, createdAt)
VALUES("Sam Lasky", "Half of homebrew tent is awsome, the other is horrible",
"Oktoberfest", 35.15166299036901 , -80.83176861656762);
-- (Oktoberfest)





-- ==========================================================
INSERT INTO person_table (person_name, email, password, is_user)
VALUES("Jane Doe", "janedoe@gmail.com", "gijane1", true);

INSERT INTO person_table (person_name, email, password, is_user)
VALUES("Kaspar Weiss", "kasparweiss@gmail.com", "kwgot", true);

INSERT INTO person_table (person_name, email, password, is_user)
VALUES("Kohl Eisenschmidt", "kohleisenschmidt@gmail.com", "kohlieo", true);

INSERT INTO person_table (person_name, email, password, is_user)
VALUES("Philo Mina", "philomina@gmail.com", "philoman", true);

INSERT INTO person_table (person_name, email, password, is_user)
VALUES("Sam Lasky", "samlasky@gmail.com", "laskyater", true);